patient_id,assigned_sex,given_name,surname,address,state,zip_code,country,birthdate,weight,height,bmi,phone_number,email
1,female,Zoe,Wellish,576 Brown Bear Drive,CA,92390,United States,10-07-1976,121.7,66,19.6,19517199170.0,ZoeWellish@superrito.com
3,male,Jae,Debord,1493 Poling Farm Road,NE,68467,United States,19-02-1980,177.8,71,24.8,14023636804.0,JaeMDebord@gustr.com
4,male,Liêm,Phan,2335 Webster Street,NJ,70955,United States,26-07-1951,220.9,70,31.7,17326368246.0,PhanBaLiem@jourrapide.com
5,male,Tim,Neudorf,1428 Turkey Pen Lane,AL,36303,United States,18-02-1928,192.3,72,26.1,13345157487.0,TimNeudorf@cuvox.de
6,male,Rafael,Costa,1140 Willis Avenue,FL,32114,United States,31-08-1931,183.9,70,26.4,13863345237.0,RafaelCardosoCosta@gustr.com
7,female,Mary,Adams,3145 Sheila Lane,NV,84728,United States,19-11-1969,146.3,65,24.3,17755335933.0,MaryBAdams@einrot.com
8,female,Xiuxiu,Chang,2687 Black Oak Hollow Road,CA,95037,United States,13-08-1958,158.0,60,30.9,14087783236.0,XiuxiuChang@einrot.com
9,male,David,Gustafsson,1790 Nutter Street,MO,64105,United States,06-03-1937,163.9,66,26.5,18162659578.0,DavidGustafsson@armyspy.com
10,female,Sophie,Cabrera,3303 Anmoore Road,NY,10011,United States,03-12-1930,194.7,64,33.4,17187959124.0,SophieCabreraIbarra@teleworm.us
11,female,Sandy,Gunnarsson,87 Wood Duck Drive,MI,49780,United States,16-07-1974,199.3,62,36.4,19064788949.0,SandyGunnarsson@dayrep.com
12,male,Abdul-Nur,Isa,1092 Farm Meadow Drive,TN,37027,United States,03-02-1954,238.7,73,31.5,19312070839.0,Abdul-NurMummarIsa@rhyta.com
13,male,Omeokachie,Ibeamaka,2544 Worley Avenue,VA,24504,United States,05-08-1957,224.2,69,33.1,14345092614.0,OmeokachieIbeamaka@einrot.com
14,female,Anenechi,Chidi,826 Broad Street,AL,35203,United States,07-03-1961,228.4,67,35.8,12054178095.0,AnenechiChidi@armyspy.com
15,female,Asia,Woźniak,4970 Heather Sees Way,OK,74105,United States,15-08-1997,112.0,65,18.6,19187123469.0,AsiaWozniak@rhyta.com
16,male,Søren,Lund,2438 Shady Pines Drive,VA,37660,United States,23-08-1922,201.5,64,34.6,12762251955.0,SrenFLund@gustr.com
17,female,Tám,Liễu,2152 Heritage Road,CA,93706,United States,14-11-1952,183.9,61,34.7,15597657836.0,LieuThiThuTam@dayrep.com
18,female,Roxanne,Andreyeva,2103 Edington Drive,GA,30082,United States,24-07-1922,129.1,60,25.2,16788298578.0,RoxanneAndreyeva@armyspy.com
19,male,William,Oates,441 Tibbs Avenue,MT,59324,United States,04-09-1949,202.2,64,34.7,14067752696.0,WilliamVOates@armyspy.com
20,male,Zak,Kelly,994 Hill Croft Farm Road,CA,95966,United States,13-12-1988,208.8,70,30.0,15305328397.0,ZakKelly@rhyta.com
21,female,Sofia,Karlsen,2931 Romano Street,MA,92382,United States,24-09-1934,153.1,66,24.7,17814471763.0,SofiaTKarlsen@teleworm.us
22,male,Samúel,Guðbrandsson,1904 Granville Lane,NJ,10523,United States,12-04-1983,223.7,69,33.0,19734455341.0,SamuelGubrandsson@teleworm.us
23,male,Manchu,Su,1092 Deans Lane,NY,10570,United States,19-01-1936,130.7,65,21.7,19147456108.0,ManchuSu@einrot.com
24,male,Lovre,Galić,4941 Marion Drive,FL,33830,United States,26-05-1960,222.9,66,36.0,18133559476.0,LovreGalic@gustr.com
25,male,Jakob,Jakobsen,648 Old Dear Lane,NY,12771,United States,01-08-1985,155.8,67,24.4,18458587707.0,JakobCJakobsen@einrot.com
26,male,Gregor,Bole,922 Chapmans Lane,NM,87109,United States,19-06-1922,180.8,67,28.3,15058284955.0,GregorBole@gustr.com
27,female,Ella,Lund,1207 Garfield Road,IL,61602,United States,19-12-1933,144.8,61,27.4,13096718852.0,EllaLund@armyspy.com
28,male,Joseph,Tucker,4982 Wood Street,LA,70091,United States,10-04-1959,175.8,72,23.8,19858147603.0,JosephNTucker@rhyta.com
29,male,Robert,Wolf,2386 Linda Street,PA,19034,United States,26-06-1937,206.6,70,29.6,12678957462.0,RobertWolf@fleckens.hu
31,female,Janina,Bazarova,3259 Roy Alley,CO,80112,United States,29-06-1964,156.9,65,26.1,13039102058.0,JaninaBazarova@superrito.com
32,male,Tomáš,Navrátil,4870 Corbin Branch Road,TN,37618,United States,08-04-1935,133.3,70,19.1,14235384887.0,TomasNavratil@dayrep.com
33,female,Một,Phạm,2690 Pin Oak Drive,CA,90815,United States,30-01-1997,147.6,69,21.8,15629854582.0,PhamThiBichMot@dayrep.com
34,male,Habte,Kifle,2055 Emeral Dreams Drive,IL,60115,United States,20-01-1946,153.8,72,20.9,18152707770.0,HabteKifle@fleckens.hu
35,female,Mariana,Souza,577 Chipmunk Lane,ME,4474,United States,06-03-1948,152.9,63,27.1,12078258634.0,MarianaGomesSouza@superrito.com
36,female,Kamila,Pecinová,3558 Longview Avenue,NY,10004,United States,23-12-1985,198.9,62,36.4,17185010503.0,KamilaPecinova@dayrep.com
37,female,Naja,Enoksen,2915 Lynn Avenue,WI,54701,United States,26-11-1931,156.4,66,25.2,17155627013.0,NajaEnoksen@fleckens.hu
38,female,Albinca,Komavec,1257 Elsie Drive,SD,57350,United States,05-06-1986,189.9,66,30.6,16052046572.0,AlbincaKomavec@rhyta.com
39,female,Genet,Fesahaye,4649 Joanne Lane,MA,1581,United States,11-01-1954,111.8,67,17.5,19784609060.0,GenetFesahaye@armyspy.com
40,female,Ganimete,Ščančar,4105 Ferguson Street,MA,2081,United States,25-10-1947,191.6,67,30.0,15084542027.0,GanimeteScancar@cuvox.de
41,male,Tješimir,Lukić,3636 Junior Avenue,GA,30303,United States,24-10-1941,147.8,70,21.2,14045474508.0,TjesimirLukic@jourrapide.com
42,male,Fakhri,Fakhoury,155 Red Hawk Road,MN,56230,United States,04-11-1979,143.0,66,23.1,13208263340.0,FakhriHaniFakhoury@cuvox.de
43,female,Mizuki,Iwata,3434 Holt Street,FL,33409,United States,30-06-1927,199.1,61,37.6,15613570702.0,MizukiIwata@gustr.com
44,female,Zizi,Schmitt,669 Archwood Avenue,WY,82939,United States,09-02-1968,198.9,67,31.1,13077120508.0,SchmittZizi@fleckens.hu
45,female,Blanka,Jurković,3165 Upton Avenue,ME,4901,United States,26-01-1923,129.8,66,20.9,12078614587.0,BlankaJurkovic@superrito.com
46,female,Liisa,Seppälä,1012 Lords Way,TN,38310,United States,15-02-1930,157.7,63,27.9,17316322908.0,LiisaSeppala@einrot.com
47,male,Javier,Moquin,1808 Stuart Street,PA,15201,United States,07-08-1941,163.9,72,22.2,17244193583.0,JavierMoquin@rhyta.com
48,female,Ana,Correia,1495 Post Farm Road,GA,30337,United States,04-11-1962,186.6,65,31.0,14042891766.0,AnaSousaCorreia@rhyta.com
49,female,Annika,Vaara,4853 University Drive,IL,60148,United States,20-02-1996,109.1,67,17.1,13127197238.0,AnnikaVaara@rhyta.com
50,female,Vivien,Zsinkó,4141 Davis Place,OH,43537,United States,06-03-1974,113.3,64,19.4,14192626953.0,ZsinkoVivien@teleworm.us
51,male,Stephen,Gibson,283 Simons Hollow Road,PA,18701,United States,25-04-1991,238.9,70,34.3,15708191140.0,StephenGibson@cuvox.de
52,female,Noe,Aranda,3977 Jail Drive,IL,52801,United States,07-08-1938,107.1,63,19.0,13099129553.0,NoeArandaGranado@dayrep.com
53,female,Brianna,Lansell,1389 Nutters Barn Lane,IA,50322,United States,04-12-1950,202.0,62,36.9,15157279324.0,BriannaLansell@fleckens.hu
54,male,Kwemtochukwu,Ogochukwu,2172 Lynn Street,MA,2038,United States,30-06-1976,150.5,72,20.4,16173175055.0,KwemtochukwuOgochukwu@einrot.com
55,female,Louise,Johnson,4984 Hampton Meadows,MA,1803,United States,01-03-1931,141.0,62,25.8,19784071874.0,LouiseJohnson@rhyta.com
56,male,Anco,Pak,943 Hickory Ridge Drive,NV,89119,United States,12-02-1943,217.6,72,29.5,17027305584.0,AncoPak@cuvox.de
57,female,Alissa,Montez,1435 Limer Street,GA,31024,United States,08-01-1951,133.8,61,25.3,17064970891.0,AlissaMontezFranco@gustr.com
58,female,Siebrigje,Koldenhof,34 Hamill Avenue,CA,91941,United States,24-05-1935,134.0,60,26.2,18584133163.0,SiebrigjeKoldenhof@rhyta.com
59,female,Yasmin,Araujo,3682 Stiles Street,PA,15205,United States,21-03-1981,196.0,67,30.7,14126407035.0,YasminCardosoAraujo@superrito.com
60,male,Avdei,Tikhonov,1368 Yorkshire Circle,NC,27893,United States,10-12-1928,150.0,72,20.3,12522913898.0,AvdeiTikhonov@gustr.com
61,female,Barbora,Vesecká,4018 Poplar Avenue,CA,92101,United States,19-02-1939,159.1,67,24.9,16195703898.0,BarboraVesecka@gustr.com
62,male,Alan,Milne,707 Gateway Avenue,CA,93301,United States,29-04-1962,244.9,69,36.2,16617796795.0,AlanMilne@dayrep.com
63,female,Firenze,Fodor,1786 Gerald L. Bates Drive,MA,2178,United States,01-04-1943,131.1,60,25.6,16178835967.0,FodorFirenze@dayrep.com
64,male,Yukitaka,Takenaka,1975 Holden Street,CA,92103,United States,24-11-1944,193.2,72,26.2,16192991495.0,YukitakaTakenaka@einrot.com
65,male,Jaakko,Eskelinen,4324 Oak Street,NY,13221,United States,26-02-1971,163.7,68,24.9,13153625858.0,JaakkoEskelinen@superrito.com
66,male,Nicolas,Ferreira,2310 Overlook Drive,IN,46065,United States,27-10-1976,211.9,69,31.3,17653793885.0,NicolasSouzaFerreira@superrito.com
67,male,Konstantyn,Kowalczyk,4707 Parkway Street,CA,92103,United States,02-03-1938,194.3,67,30.4,17602878295.0,KonstantynKowalczyk@armyspy.com
68,male,Nebechi,Ekechukwu,2418 Smith Street,MA,1752,United States,11-01-1945,154.9,64,26.6,15088044850.0,NebechiEkechukwu@teleworm.us
69,female,Haruna,Azuma,1507 Woodlawn Drive,WI,53204,United States,22-02-1978,149.8,63,26.5,14146464353.0,HarunaAzuma@gustr.com
70,male,Joseph,Day,1821 Virginia Street,IL,60148,United States,23-02-1986,150.6,68,22.9,17736159328.0,JosephMDay@teleworm.us
71,male,Alexander,Mathiesen,3130 Jessie Street,OH,45701,United States,02-12-1955,195.6,68,29.7,17406295172.0,AlexanderEMathiesen@superrito.com
72,male,Leuco,Miranda,90 Meadow View Drive,CT,6103,United States,02-02-1976,184.8,72,25.1,18605150122.0,LeucoMirandaNieto@teleworm.us
73,male,Søren,Frederiksen,4852 Rose Avenue,LA,70001,United States,12-02-1931,214.5,65,35.7,15042891386.0,SrenFrederiksen@armyspy.com
74,female,Žarka,Rap,2661 Russell Street,MA,2035,United States,28-12-1995,139.3,68,21.2,19789696753.0,ZarkaRap@superrito.com
75,female,Hanka,Gegič,192 Patton Lane,OK,74106,United States,20-01-1926,103.2,61,19.5,19189757594.0,HankaGegic@fleckens.hu
76,male,Leo,Mancini,1813 Lindale Avenue,CA,94538,United States,26-09-1964,195.1,68,29.7,15104986624.0,LeoMancini@rhyta.com
77,female,Maryam,Dratchev,3314 Rocket Drive,MN,55410,United States,15-01-1983,190.1,63,33.7,16129253123.0,MaryamDratchev@superrito.com
78,female,Rut,Halldórsdóttir,1054 Zappia Drive,KY,40507,United States,09-05-1959,162.6,66,26.2,18592973368.0,RutHalldorsdottir@einrot.com
79,female,Fauna,Bilodeau,4104 Kennedy Court,MA,2048,United States,02-07-1979,193.4,69,28.6,17742635317.0,FaunaBilodeau@teleworm.us
80,male,Eniz,Konovšek,783 Callison Lane,DE,19108,United States,23-06-1967,183.9,72,24.9,13023976035.0,EnizKonovsek@superrito.com
81,male,Eufemio,Rosario,2531 Cantebury Drive,NY,11590,United States,28-02-1923,183.7,71,25.6,16466210640.0,EufemioRosarioAlarcon@gustr.com
82,male,André,Nordin,836 Dovetail Estates,OK,73844,United States,12-11-1940,209.4,69,30.9,15809341141.0,AndreNordin@cuvox.de
83,female,Châu,Thạch,4814 Layman Court,GA,30346,United States,03-03-1999,171.4,60,33.5,16783502390.0,ThachThiKieuChau@superrito.com
84,male,Chen,Yao,2566 Ingram Street,OH,45407,United States,08-11-1975,214.7,76,26.1,19375231224.0,ChenYao@teleworm.us
85,female,Nương,Vũ,465 Southern Street,NY,10001,United States,01-02-1981,138.2,63,24.5,15167205094.0,VuCamNuong@fleckens.hu
86,male,Burrell,Mathieu,3816 Grand Avenue,FL,34746,United States,16-05-1936,203.5,71,28.4,14076629389.0,BurrellMathieu@teleworm.us
87,male,Philemon,Abdulov,1341 Chatham Way,MD,20031,United States,07-07-1943,171.4,70,24.6,12406955212.0,PhilemonAbdulov@rhyta.com
88,male,Magomed,Kadyrov,2063 Newton Street,MN,56358,United States,15-11-1980,176.9,67,27.7,13202724299.0,MagomedKadyrov@jourrapide.com
89,male,Marius,Hansen,3251 Radio Park Drive,GA,30902,United States,27-06-1948,227.7,76,27.7,17067555723.0,MariusHansen@teleworm.us
90,male,Kwasi,Mensa,479 Elmwood Avenue,AZ,85281,United States,05-10-1942,145.4,69,21.5,14809676336.0,KwasiMensa@cuvox.de
91,male,Ingo,Rokavc,4271 Cherry Ridge Drive,NY,14214,United States,27-08-1977,192.3,67,30.1,15859029127.0,IngoRokavc@superrito.com
92,female,Caroline,Shuler,1403 Clousson Road,TX,77002,United States,08-03-1949,218.7,66,35.3,17132301739.0,CarolineTShuler@jourrapide.com
93,male,Michael,Smith,666 Whiteman Street,NJ,8060,United States,17-09-1977,160.6,67,25.2,16099148473.0,MichaelSmith@armyspy.com
94,male,Elliot,Richardson,4230 Ridenour Street,FL,33323,United States,14-01-1973,168.1,71,23.4,17862340038.0,ElliotRichardson@teleworm.us
95,female,Gina,Cain,3418 Tyler Avenue,FL,33106,United States,14-07-1935,144.1,60,28.1,13053618416.0,GinaACain@armyspy.com
96,male,Sargent,Ruais,1009 Felosa Drive,TX,79506,United States,01-01-1942,205.3,72,27.8,13252824087.0,SargentRuais@jourrapide.com
97,female,Nasim,Salib,3161 Fantages Way,ME,4769,United States,30-07-1971,211.4,65,35.2,12077680477.0,NasimSumaiyaSalib@einrot.com
98,male,Patrick,Gersten,2778 North Avenue,NE,68324,United States,03-05-1954,138.2,71,19.3,14028484923.0,PatrickGersten@rhyta.com
99,male,Jan,Baum,1733 Blackwell Street,AK,99701,United States,06-11-1967,194.3,74,24.9,19073284125.0,JanBaum@superrito.com
100,male,Bernd,Schneider,1262 Deans Lane,NY,11590,United States,24-03-1993,212.5,71,29.6,19148303940.0,BerndSchneider@jourrapide.com
101,male,Isac,Berg,1497 Hidden Meadow Drive,ND,58416,United States,01-08-1995,137.9,66,22.3,17016766301.0,IsacBerg@cuvox.de
102,male,Oles,Zhdanov,1731 Chandler Drive,MO,65652,United States,25-10-1945,226.2,72,30.7,14177385084.0,OlesZhdanov@fleckens.hu
103,female,Najla,Touma,2146 Willow Greene Drive,AL,36104,United States,20-08-1948,165.0,61,31.2,13342611235.0,NajlaQismahTouma@cuvox.de
104,male,Tico,Koffeman,1030 McDonald Avenue,FL,32751,United States,20-04-1926,167.6,69,24.7,14078380201.0,TicoKoffeman@armyspy.com
105,female,Yasmin,Silva,108 Griffin Street,AZ,85012,United States,24-07-1927,200.6,62,36.7,16022657408.0,YasminAlmeidaSilva@einrot.com
106,male,Nate,Bowden,4310 Johnson Street,NC,28328,United States,26-03-1954,222.0,71,31.0,19199158670.0,NateBowden@einrot.com
107,male,Inunnguaq,Heilmann,4110 Capitol Avenue,IN,47362,United States,06-05-1976,219.9,67,34.4,17655998847.0,InunnguaqHeilmann@rhyta.com
108,male,Rocco,Christie,1373 Wilmar Farm Road,MD,21771,United States,16-01-1987,167.0,70,24.0,12403221398.0,RoccoChristie@rhyta.com
109,female,Marina,Glockner,475 Preston Street,KS,67427,United States,18-06-1934,191.4,63,33.9,16209401131.0,MarinaGlockner@dayrep.com
110,male,Stephen,Mayberry,3063 School House Road,MS,39402,United States,01-09-1934,166.1,72,22.5,16016994153.0,StephenFMayberry@jourrapide.com
111,male,Miroslav,Štěpánek,2625 Romines Mill Road,TX,75247,United States,23-09-1935,146.1,68,22.2,12146370855.0,MiroslavStepanek@teleworm.us
112,female,Nicole,Zimmerman,909 Williams Avenue,CA,91321,United States,14-01-1984,225.9,74,29.0,16612911812.0,NicoleZimmerman@rhyta.com
113,female,Arnþrúður,Skarphéðinsdóttir,2578 Tenmile,VA,23602,United States,04-06-1922,172.0,63,30.5,17578855669.0,ArnruurSkarpheinsdottir@rhyta.com
114,female,Svanhvít,Guðjónsdóttir,2641 Michael Street,TX,77074,United States,23-07-1931,204.2,63,36.2,17137796516.0,SvanhvitGujonsdottir@cuvox.de
115,male,Yunadi,Barsukov,2784 Turkey Pen Road,NY,10016,United States,28-05-1993,176.2,68,26.8,19172565329.0,YunadiBarsukov@teleworm.us
116,female,Caroline,Bois,1350 Meadow Lane,CA,95453,United States,26-12-1985,151.4,64,26.0,17072626503.0,CarolineBois@rhyta.com
117,male,Philipp,Ziegler,3686 Meadowcrest Lane,KY,41601,United States,03-03-1941,143.7,69,21.2,16064174332.0,PhilippZiegler@superrito.com
118,male,Sửu,Tạ,3464 Big Indian,LA,70112,United States,24-05-1928,182.2,67,28.5,15045288317.0,TaQuiSuu@teleworm.us
119,male,Adib,Ghanem,3457 Bridge Avenue,LA,70528,United States,31-12-1967,254.5,72,34.5,13376854885.0,AdibMutazzGhanem@fleckens.hu
120,female,Chaja,Bouw,2808 Circle Drive,TX,77063,United States,16-09-1979,211.9,70,30.4,18324576625.0,ChajaBouw@dayrep.com
121,female,Nicoline,Østergaard,2836 Boring Lane,CA,94108,United States,14-12-1926,124.5,63,22.1,14156768818.0,NicolinePstergaard@superrito.com
122,male,Frydryk,Adamski,1845 Saint Marys Avenue,NY,13221,United States,12-10-1941,230.8,76,28.1,13158694408.0,FrydrykAdamski@armyspy.com
123,male,Bội,Tạ,2389 Rubaiyat Road,MI,49503,United States,30-05-1929,211.0,69,31.2,12316073625.0,TaHaBoi@superrito.com
124,male,Tas,Fejes,4386 Badger Pond Lane,FL,33634,United States,02-12-1982,193.2,66,31.2,17273318429.0,FejesTas@jourrapide.com
125,male,Ming,Hsu,2945 Ferguson Street,MA,2169,United States,04-11-1960,215.6,69,31.8,15085263432.0,MingHsu@armyspy.com
126,female,Seweryna,Czerwinska,36 Heather Sees Way,OK,74119,United States,30-06-1982,203.5,63,36.0,19187147543.0,SewerynaCzerwinska@jourrapide.com
127,male,Mads,Nielsen,1493 Randolph Street,MA,2210,United States,19-05-1942,137.1,68,20.8,15087395632.0,MadsANielsen@jourrapide.com
128,female,Lena,Baer,272 Boone Crockett Lane,WA,98541,United States,10-11-1977,170.7,61,32.2,13604822553.0,LenaBaer@rhyta.com
129,male,Muhammad,Hughes,1965 Crestview Manor,IN,46214,United States,21-09-1938,202.2,72,27.4,13172922394.0,MuhammadHughes@rhyta.com
130,female,Rebecca,Jephcott,989 Wayback Lane,NY,10004,United States,01-08-1966,203.3,65,33.8,16313707406.0,RebeccaJephcott@armyspy.com
131,male,Albert,Wolfe,3710 Jerry Dove Drive,SC,29420,United States,16-06-1939,217.8,65,36.2,18434940313.0,AlbertRWolfe@jourrapide.com
132,female,Sandra,Taylor,2476 Fulton Street,WV,25962,United States,23-10-1960,206.1,64,35.4,13044382648.0,SandraCTaylor@dayrep.com
133,female,Tekla,Walczak,2421 Coal Road,PA,18436,United States,22-07-1936,159.9,59,32.3,15706984203.0,TeklaWalczak@einrot.com
134,female,Elisabeth,Dimmen,3180 Still Pastures Drive,SC,29210,United States,21-04-1985,199.5,65,33.2,18034653312.0,ElisabethDimmen@cuvox.de
135,male,Jesse,Luoma,3714 Ben Street,NY,12207,United States,01-06-1922,154.9,66,25.0,15182127081.0,JesseLuoma@fleckens.hu
136,male,Willem-Jan,van der Lubbe,1717 Vineyard Drive,OH,44115,United States,09-07-1941,152.9,69,22.6,14403855011.0,Willem-JanvanderLubbe@gustr.com
137,female,Victoria,Mikkelsen,2121 Liberty Avenue,CA,90017,United States,07-05-1925,179.3,63,31.8,17145074204.0,VictoriaTMikkelsen@armyspy.com
138,female,Emma,Barlow,1703 Everette Alley,FL,33062,United States,25-01-1953,175.6,60,34.3,19547846658.0,EmmaBarlow@superrito.com
139,male,Jose,Combs,718 Eden Drive,VA,23220,United States,27-12-1975,171.2,74,22.0,18049081436.0,JoseRCombs@rhyta.com
140,female,Novalie,Berg,1275 Goldie Lane,OH,45202,United States,22-04-1973,156.9,61,29.6,15133830516.0,NovalieBerg@gustr.com
141,male,John,Teichelmann,631 Isaacs Creek Road,IL,62522,United States,03-12-1958,214.1,72,29.0,12174210935.0,JohnTeichelmann@dayrep.com
142,female,Evelyn,Uspenskaya,944 Thrash Trail,TX,75207,United States,25-10-1934,110.2,61,20.8,19036442098.0,EvelynUspenskaya@rhyta.com
143,male,Finley,Chandler,2754 Westwood Avenue,NY,10001,United States,25-10-1936,150.9,70,21.6,15167405280.0,FinleyChandler@dayrep.com
144,female,Amanda,Ribeiro,4155 Raccoon Run,WA,98109,United States,27-09-1970,131.1,60,25.6,12069020473.0,AmandaCavalcantiRibeiro@fleckens.hu
145,male,Mile,Stanić,4640 Windy Ridge Road,IN,46804,United States,31-10-1961,244.9,71,34.2,12605915755.0,MileStanic@dayrep.com
146,male,Sauli,Koivuniemi,1990 Spring Avenue,PA,19403,United States,24-07-1974,170.9,66,27.6,12676794137.0,SauliKoivuniemi@einrot.com
147,male,Haylom,Nebay,1736 Parrill Court,IN,46312,United States,01-09-1963,185.9,70,26.7,12193917729.0,HaylomNebay@gustr.com
148,male,Kristian,Vukelić,4411 Libby Street,CA,90025,United States,30-11-1958,191.4,66,30.9,13102686864.0,KristianVukelic@teleworm.us
149,female,Riëtte,Scheltens,4473 Church Street,NY,11227,United States,30-09-1940,198.4,67,31.1,17184180766.0,RietteScheltens@dayrep.com
150,male,Wawrzyniec,Nowakowski,1525 Crestview Terrace,TX,78058,United States,18-09-1937,170.5,71,23.8,18306405848.0,WawrzyniecNowakowski@teleworm.us
151,male,Felicijan,Bubanj,4556 Oakdale Avenue,FL,33838,United States,22-05-1957,226.6,71,31.6,18634386922.0,FelicijanBubanj@einrot.com
152,female,Satsita,Batukayev,2813 Frederick Street,CA,95610,United States,17-02-1953,219.6,66,35.4,19162247868.0,SatsitaBatukayev@teleworm.us
153,male,Christopher,Woodward,3450 Southern Street,NY,10004,United States,04-09-1984,212.2,66,34.2,15166305900.0,ChristopherWoodward@jourrapide.com
154,male,John,Carreiro,1463 Martha Ellen Drive,NV,89509,United States,08-04-1976,177.8,68,27.0,17757707827.0,JohnACarreiro@superrito.com
155,female,Maya,Isaksson,1333 Comfort Court,WI,53711,United States,14-07-1959,137.7,67,21.6,16082770146.0,MayaIsaksson@jourrapide.com
156,female,Nina,Geisler,350 Ross Street,IL,62201,United States,05-09-1924,193.2,66,31.2,16182619896.0,NinaGeisler@einrot.com
157,male,Thống,Lê,174 Lost Creek Road,MN,55113,United States,09-02-1929,172.9,68,26.3,16122082965.0,LeVietThong@gustr.com
158,female,Ellen,Luman,4643 Reeves Street,WI,53014,United States,26-02-1951,184.6,60,36.0,19208490384.0,EllenRLuman@einrot.com
159,male,Chibuzo,Okoli,4291 Patton Lane,OK,74136,United States,14-06-1983,142.8,73,18.8,19189715864.0,ChibuzoOkoli@einrot.com
160,female,Coralie,Allaire,1066 Goosetown Drive,NC,28779,United States,04-03-1925,149.4,66,24.1,18285865050.0,CoralieAllaire@armyspy.com
161,male,Flaviano,Endrizzi,3209 Crowfield Road,AZ,85023,United States,11-10-1928,195.1,75,24.4,16029937880.0,FlavianoEndrizzi@cuvox.de
162,male,Mitsunobu,Fujiwara,212 Tibbs Avenue,MT,59522,United States,21-05-1969,223.5,67,35.0,14067596160.0,MitsunobuFujiwara@armyspy.com
163,female,Sarina,Tabata,4646 Highland View Drive,CA,95814,United States,21-04-1967,201.7,63,35.7,19165557247.0,SarinaTabata@teleworm.us
164,female,Hawra',Tuma,2972 Hillview Street,SC,29180,United States,29-09-1992,134.2,69,19.8,18037121180.0,HawraSultanahTuma@superrito.com
165,female,Hường,Lâm,4795 Better Street,KS,66061,United States,19-06-1959,193.6,63,34.3,19133938663.0,LamHoangHuong@rhyta.com
166,male,Zlatko,Rukavina,592 Rafe Lane,MS,39194,United States,12-12-1976,198.7,70,28.5,16627169586.0,ZlatkoRukavina@cuvox.de
167,male,Peter,Pospíšil,200 Hall Place,TX,75601,United States,01-01-1989,225.3,70,32.3,19037498046.0,PeterPospisil@cuvox.de
168,female,Melisa,Mata,2775 Single Street,MA,1730,United States,15-12-1941,209.7,65,34.9,17816041901.0,MelisaMataSantacruz@rhyta.com
169,female,Galit,Casárez,513 Duck Creek Road,CA,94306,United States,12-05-1956,118.8,67,18.6,16508496900.0,GalitCasarezBrito@jourrapide.com
170,male,Markus,Solberg,4148 Callison Lane,DE,19020,United States,21-11-1953,140.6,70,20.2,13024748075.0,MarkusSolberg@fleckens.hu
171,male,Chikere,Achebe,321 Briercliff Road,NY,11227,United States,12-01-1939,215.4,67,33.7,17186289500.0,ChikereAchebe@jourrapide.com
172,female,Blagica,Klobučar,3920 Braxton Street,IL,60525,United States,06-11-1921,106.5,59,21.5,18155337692.0,BlagicaKlobucar@einrot.com
173,male,Alvin,Jackson,3411 Pyramid Valley Road,IA,52240,United States,01-12-1945,177.8,71,24.8,13195413295.0,AlvinAJackson@armyspy.com
174,female,Marija,Grubišić,954 Summit Park Avenue,MI,48057,United States,28-12-1985,155.1,69,22.9,12489440932.0,MarijaGrubisic@cuvox.de
175,female,Michelle,Tansey,284 Mudlick Road,WA,99218,United States,15-02-1978,147.8,61,27.9,15094662907.0,MichelleDTansey@dayrep.com
176,female,Katrine,Lynge,4943 Isaacs Creek Road,IL,62650,United States,25-08-1934,163.2,60,31.9,12174915261.0,KatrineLynge@gustr.com
177,female,Makda,Abraham,4093 Smith Street,MA,1852,United States,24-06-1979,145.2,65,24.2,15088570477.0,MakdaAbraham@einrot.com
178,female,Monika,Lončar,377 Norman Street,CA,90014,United States,19-07-1927,203.7,63,36.1,13233274721.0,MonikaLoncar@rhyta.com
179,female,Else,Andersen,1386 Farland Street,IL,60631,United States,16-06-1975,197.1,65,32.8,17739347423.0,ElseAndersen@rhyta.com
180,male,Dominik,Grunewald,3574 Park Boulevard,IA,50158,United States,20-11-1935,143.0,71,19.9,16417535678.0,DominikGrunewald@cuvox.de
181,female,Triana.,Terrazas,1934 August Lane,LA,71201,United States,04-03-1968,176.2,66,28.4,13184175739.0,TrianaTerrazasMoreno@superrito.com
182,female,Yumena,Nakayama,4458 Stark Hollow Road,CO,81637,United States,24-03-1929,130.2,59,26.3,19707545843.0,YumenaNakayama@gustr.com
183,male,Kaodilinakachukwu,Nnonso,3261 Desert Broom Court,NJ,7304,United States,09-11-1963,230.3,69,34.0,12017393931.0,KaodilinakachukwuNnonso@gustr.com
184,male,Suhaim,Rahal,2270 Bel Meadow Drive,CA,92335,United States,08-02-1944,207.7,71,29.0,19093559418.0,SuhaimAbdelRahal@fleckens.hu
185,female,Ásta,Grímsdóttir,1619 Melm Street,FL,32174,United States,09-06-1999,128.9,65,21.4,13869890019.0,AstaGrimsdottir@dayrep.com
186,male,Brice,Authier,1895 Hart Ridge Road,MI,48731,United States,16-12-1939,125.1,64,21.5,19893752216.0,BriceAuthier@superrito.com
187,female,Jane,Citizen,2866 Myra Street,RI,2908,United States,27-09-1974,143.0,65,23.8,14014856384.0,JaneCitizen@cuvox.de
188,male,Władysław,Wieczorek,2338 Virginia Street,IL,60605,United States,15-01-1994,133.1,67,20.8,17736072647.0,WladyslawWieczorek@teleworm.us
189,male,Søren,Sørensen,2397 Bell Street,NY,10011,United States,31-12-1942,157.1,67,24.6,12122013108.0,SrenSrensen@superrito.com
190,female,Kisanet,Selassie,3227 Park Avenue,CA,95817,United States,26-04-1956,177.1,62,32.4,19164533601.0,KisanetSelassie@gustr.com
191,male,Regolo,Nucci,3595 Stuart Street,PA,15044,United States,15-09-1935,213.0,67,33.4,17244496928.0,RegoloNucci@einrot.com
192,female,Fanette,Fournier,602 Tator Patch Road,IL,60607,United States,24-10-1938,112.6,60,22.0,13128645737.0,FanetteFournier@einrot.com
193,female,Jade,Parker,2957 Feathers Hooves Drive,NY,11530,United States,19-06-1927,188.8,63,33.4,16317046487.0,JadeParker@superrito.com
194,male,Borna,Šlezinger,3073 Bedford Street,CT,6516,United States,21-03-1987,203.9,69,30.1,12039333979.0,BornaSlezinger@cuvox.de
195,male,Urso,Aranda,1330 Lincoln Street,NJ,8525,United States,03-07-1999,163.7,70,23.5,16094663275.0,UrsoArandaSanchez@rhyta.com
196,female,Lamara,Dratchev,3731 Swick Hill Street,LA,70113,United States,20-10-1954,181.3,67,28.4,19852537891.0,LamaraDratchev@teleworm.us
197,female,Albina,Zetticci,3141 Brentwood Drive,TX,78702,United States,13-05-1983,171.6,63,30.4,15127382609.0,AlbinaZetticci@teleworm.us
198,male,Thể,Lương,2403 Ripple Street,MI,49735,United States,15-11-1967,223.1,70,32.0,19897057690.0,LuongKhacThe@dayrep.com
199,female,Eufrosina,Schiavone,1984 Counts Lane,KY,40507,United States,06-04-1926,108.5,62,19.8,18599779462.0,EufrosinaSchiavone@cuvox.de
200,male,Zdeněk,Synek,3818 Strother Street,AL,35062,United States,27-09-1950,168.3,70,24.1,12056484197.0,ZdenekSynek@jourrapide.com
201,male,Kifle,Mustafa,4535 Prospect Street,NJ,8110,United States,09-10-1965,186.1,69,27.5,18566555415.0,KifleMustafa@gustr.com
202,male,Pirro,Galvez,2831 Milford Street,NH,3833,United States,25-02-1971,172.5,73,22.8,16037732333.0,PirroGalvezPaz@armyspy.com
203,female,Jiřina,Šubrtová,4262 Heron Way,OR,97204,United States,10-12-1987,138.4,61,26.1,15038207877.0,JirinaSubrtova@rhyta.com
204,female,Mùi,Lương,1778 Rodney Street,MO,63301,United States,29-02-1956,192.7,60,37.6,16364426946.0,LuongHongMui@einrot.com
205,male,Leixandre,Alanis,4103 Musgrave Street,OK,73102,United States,25-03-1938,222.6,69,32.9,14052345350.0,LeixandreAlanisMadrigal@fleckens.hu
206,male,Breno,Correia,3539 Bottom Lane,NY,14150,United States,11-07-1974,180.6,67,28.3,17167435884.0,BrenoLimaCorreia@superrito.com
207,female,Leah,Wong,3548 Hilltop Drive,TX,79014,United States,11-06-1934,129.8,62,23.7,18063232210.0,LeahWong@einrot.com
208,female,Beatrycze,Woźniak,182 Cross Street,MI,48607,United States,14-03-1946,119.2,61,22.5,19899364563.0,BeatryczeWozniak@armyspy.com
209,female,Gabriele,Saenger,3499 Baker Avenue,TX,76011,United States,26-08-1973,121.2,68,18.4,18179095667.0,GabrieleSaenger@armyspy.com
210,female,Lalita,Eldarkhanov,,,0000n,,14-08-1950,143.4,62,26.2,,
211,female,Camilla,Zaitseva,4689 Briarhill Lane,OH,44691,United States,26-11-1938,268.302254,63,19.1,13302022145.0,CamillaZaitseva@superrito.com
212,female,Martha,Afanasyeva,3613 Lodgeville Road,MN,55114,United States,03-10-1997,151.2,73,19.9,16122284170.0,MarthaAfanasyeva@dayrep.com
213,male,Jens,Poulsen,1942 Harry Place,NC,28202,United States,09-12-1963,168.1,71,23.4,17048055094.0,JensPoulsen@fleckens.hu
214,female,Onyemaechi,Onwughara,685 Duncan Avenue,NY,10013,United States,08-03-1989,131.1,69,19.4,19176229142.0,OnyemaechiOnwughara@einrot.com
215,female,Gabriela,Michalčíková,383 Marion Street,VT,5047,United States,08-10-1964,126.9,65,21.1,18029526490.0,GabrielaMichalcikova@rhyta.com
217,female,Gabrielle,Bidwill,3479 Elm Drive,NY,10016,United States,11-10-1963,170.1,67,26.6,16464724758.0,GabrielleBidwill@teleworm.us
218,male,Saidmohmad,Rushisvili,4192 Holly Street,GA,30601,United States,11-06-1959,216.5,67,33.9,17062664583.0,SaidmohmadRushisvili@teleworm.us
219,female,Sabr,Amari,4929 Raver Croft Drive,TN,37766,United States,19-11-1936,122.2,64,21.0,14235632014.0,SabrRumaithahAmari@fleckens.hu
220,male,Mỹ,Quynh,,,0000n,,09-04-1978,237.8,69,35.1,,
221,male,Mijael,Guerra,1271 Pretty View Lane,CA,94612,United States,25-01-1944,183.5,65,30.5,17078969250.0,MijaelGuerraMoreno@teleworm.us
222,male,Csaba,Sági,4040 Linda Street,PA,97205,United States,12-01-1943,181.3,70,26.0,12679329852.0,SagiCsaba@armyspy.com
223,female,Malina,Balagić,4019 Cerullo Road,KY,40244,United States,14-02-1962,224.8,68,34.2,15023676167.0,MalinaBalagic@einrot.com
224,female,Virginia,Boyles,945 Maple Avenue,ID,83234,United States,22-09-1939,202.4,63,35.8,12088973897.0,VirginiaABoyles@gustr.com
225,female,Veronika,Jindrová,3641 Selah Way,VT,5301,United States,15-01-1981,171.4,62,31.3,18026140812.0,VeronikaJindrova@jourrapide.com
226,female,Rachel,Guzman,3210 Hickory Lane,DC,20024,United States,20-03-1974,122.3,62,22.4,12024856607.0,RachelSGuzman@cuvox.de
227,male,Kári,Hervinsson,4273 Deans Lane,NY,10603,United States,05-08-1963,189.4,72,25.7,19147846646.0,KariHervinsson@einrot.com
228,female,Laura,Ehrlichmann,1829 Bungalow Road,NE,68124,United States,03-01-1942,187.9,60,36.7,14029382157.0,LauraEhrlichmann@einrot.com
229,female,Cintia,Csorba,2126 Pearl Street,CA,95826,United States,20-07-1991,186.6,62,34.1,19163797480.0,CsorbaCintia@fleckens.hu
231,female,Elisabeth,Knudsen,,,0000n,,23-09-1976,165.9,63,29.4,,
232,female,Stefanie,Herman,204 Rockwell Lane,NC,27839,United States,03-09-1978,217.8,67,34.1,12525835410.0,StefanieHerman@fleckens.hu
233,female,Kyouko,Ono,435 Pike Street,CA,92123,United States,19-11-1940,126.9,59,25.6,18585879945.0,KyoukoOno@superrito.com
234,female,Angela,Lavrentyev,4143 Big Indian,LA,70112,United States,21-07-1995,155.3,61,29.3,15045465321.0,AngelaLavrentyev@gustr.com
235,female,Martina,Tománková,,,0000n,,07-04-1936,199.5,65,33.2,,
236,female,Justyna,Kowalczyk,3115 May Street,KY,41844,United States,05-04-1981,112.2,61,21.2,16063689825.0,JustynaKowalczyk@jourrapide.com
237,female,Fatimah,Kinfe,2640 Sweetwood Drive,CO,80010,United States,21-01-1981,199.8,62,36.5,13033603627.0,FatimahKinfe@fleckens.hu
239,male,Aksel,Vestergaard,2246 Pheasant Ridge Road,PA,19139,United States,02-05-1988,187.2,78,21.6,12155282193.0,AkselHVestergaard@armyspy.com
240,male,Khalid,Johnsrud,1147 Kelley Road,MS,39501,United States,28-01-1930,214.5,69,31.7,12283781355.0,KhalidJohnsrud@teleworm.us
241,female,Marphisa,Compagnon,3391 Marcus Street,AL,35806,United States,09-03-1967,198.0,63,35.1,12566155522.0,MarphisaCompagnon@cuvox.de
242,female,Skye,Gormanston,936 Lightning Point Drive,TN,38002,United States,20-01-1934,139.7,60,27.3,19014845225.0,SkyeGormanston@dayrep.com
243,male,John,O'Brian,,,0000n,,25-02-1957,205.3,74,26.4,,
244,male,Mustafa,Adonay,1742 Tea Berry Lane,WI,54880,United States,05-01-1922,211.9,67,33.2,17158170134.0,MustafaAdonay@dayrep.com
246,female,Isabelle,Nash,932 Memory Lane,IL,61101,United States,03-02-1986,206.1,62,37.7,18159798782.0,IsabelleNash@einrot.com
247,female,Meya,Sjöberg,1233 Liberty Avenue,CA,92704,United States,15-05-1968,232.1,66,37.5,17144312746.0,MeyaSjoberg@cuvox.de
248,male,Tuukka,Leppäluoto,1886 Bicetown Road,NY,10011,United States,07-03-1978,211.0,73,27.8,19174088855.0,TuukkaLeppaluoto@teleworm.us
249,female,Cecilie,Nilsen,1854 Kyle Street,NE,68859,United States,12-01-1950,181.3,64,31.1,13084967837.0,CecilieNilsen@superrito.com
250,male,Benjamin,Mehler,,,0000n,,30-10-1951,146.5,69,21.6,,
251,female,Mee,Chung,3084 Blue Spruce Lane,MD,21222,United States,27-10-1932,206.1,64,35.4,14102848935.0,MeeChung@teleworm.us
253,male,Juan,Pérez,2549 Pearlman Avenue,MA,1730,United States,01-10-1991,224.2,70,32.2,19782438596.0,JuanPerez@teleworm.us
254,female,Krisztina,Magyar,3820 Terry Lane,FL,32810,United States,03-05-1950,117.0,64,20.1,13212870484.0,MagyarKrisztina@superrito.com
255,male,Kang,Mai,1109 Beechwood Drive,PA,15205,United States,16-09-1986,200.4,70,28.8,14122746756.0,KangMai@jourrapide.com
256,female,Mette,Sandgreen,2324 Benson Street,WI,54739,United States,13-05-1938,187.1,60,36.5,17152313508.0,MetteSandgreen@gustr.com
257,female,Veronica,Bogolyubova,3945 Simons Hollow Road,PA,17881,United States,16-06-1981,128.9,67,20.2,15707976666.0,VeronicaBogolyubova@teleworm.us
258,male,Jin,Kung,,,0000n,,17-05-1995,231.7,69,34.2,,
259,male,Abel,Yonatan,2621 Koontz Lane,CA,91502,United States,29-04-1952,137.9,66,22.3,18188417660.0,AbelYonatan@teleworm.us
260,female,Sara,Miles,4223 Chestnut Street,FL,33610,United States,27-03-1982,166.5,61,31.5,17274397150.0,SaraDMiles@gustr.com
261,female,Emily,Henriksen,4236 Beech Street,CA,94509,United States,08-07-1957,206.4,66,33.3,19257576139.0,EmilyNHenriksen@armyspy.com
262,male,Jeremy,Montagu,4988 Lynn Street,MA,2110,United States,23-06-1982,192.7,74,24.7,16172970387.0,JeremyMontagu@teleworm.us
263,female,Rebecca,Priest,2020 Gore Street,TX,77092,United States,26-03-1988,194.0,68,29.5,17135564328.0,RebeccaRPriest@dayrep.com
264,female,Julia,Carvalho,3662 Shinn Street,NY,10036,United States,11-04-1931,171.8,61,32.5,12127824151.0,JuliaAzevedoCarvalho@superrito.com
265,female,Wafiyyah,Asfour,,,0000n,,03-11-1989,158.6,63,28.1,,
266,female,Þórunn,Tryggvadóttir,77 Juniper Drive,MI,48647,United States,09-06-1978,120.0,69,17.7,19898267884.0,orunnTryggvadottir@dayrep.com
267,female,Johanna,Dreher,3857 Straford Park,KY,41858,United States,06-10-1948,187.0,61,35.3,16066324327.0,JohannaDreher@superrito.com
268,female,Bernarda,Cindrić,1753 Sherman Street,KS,67401,United States,16-01-1986,145.6,61,27.5,17858236728.0,BernardaCindric@teleworm.us
269,female,Päivi,Mattila,4320 Rardin Drive,CA,94070,United States,28-05-1933,132.0,59,26.7,16506310002.0,PaiviMattila@rhyta.com
270,female,Flavia,Fiorentino,,,0000n,,09-10-1937,175.2,61,33.1,,
271,female,Jowita,Wiśniewska,2168 Butternut Lane,IL,62040,United States,08-11-1934,108.1,61,20.4,16185123319.0,JowitaWisniewska@armyspy.com
272,male,Russom,Amanuel,3942 Jerome Avenue,TX,78539,United States,15-02-1996,142.3,70,20.4,19563807249.0,RussomAmanuel@armyspy.com
273,female,Klementyna,Sokołowska,202 Ingram Street,OH,45402,United States,06-03-1955,168.7,60,32.9,19375187238.0,KlementynaSokolowska@superrito.com
274,female,Mackenzie,McKay,4890 Devils Hill Road,MS,39362,United States,18-03-1971,214.9,66,34.7,16018483093.0,MackenzieMcKay@superrito.com
275,female,Nora,Nyborg,2852 Irving Road,OH,43081,United States,10-02-1958,202.6,68,30.8,17405522444.0,NoraNyborg@einrot.com
276,male,Eddie,Archer,2043 Jadewood Drive,IL,60148,United States,17-07-1982,158.6,69,23.4,12243056805.0,EddieAArcher@gustr.com
277,male,Alex,Crawford,373 Fantages Way,ID,83836,United States,07-07-1924,223.1,70,32.0,12082649063.0,AlexCrawford@dayrep.com
279,female,Generosa,Cabán,,,0000n,,16-12-1962,124.3,69,18.4,,
280,female,Hanna-Mari,Filatov,2127 Columbia Mine Road,WV,26814,United States,05-01-1967,200.8,62,36.7,13045679723.0,Hanna-MariFilatov@fleckens.hu
281,male,David,Beauvais,98 Freshour Circle,TX,78258,United States,01-05-1931,128.5,67,20.1,12102183477.0,DavidLBeauvais@rhyta.com
282,male,Kristján,Ingason,677 Broad Street,AL,35203,United States,01-12-1986,214.1,69,31.6,12054946040.0,KristjanIngason@gustr.com
284,male,Nwachukwu,Nebeolisa,2873 John Calvin Drive,IL,60605,United States,10-03-1986,245.5,68,37.3,17088452053.0,NwachukwuNebeolisa@cuvox.de
285,male,Nilton,Quintanilla,4038 Farland Street,MA,2081,United States,09-02-1980,186.3,75,23.3,17742193140.0,NiltonQuintanillaAlmonte@rhyta.com
286,male,Ayden,Allan,1384 Dovetail Estates,OK,73102,United States,11-03-1976,160.8,72,21.8,15809919678.0,AydenAllan@rhyta.com
287,male,Lewis,Webb,,,0000n,,01-04-1979,155.3,68,23.6,,
288,male,Kari,Laatikainen,1231 Grim Avenue,CA,92111,United States,21-03-1976,149.6,72,20.3,16198183436.0,KariLaatikainen@fleckens.hu
289,male,Fareeq,Kalb,1043 Ventura Drive,CA,95060,United States,01-05-1985,194.5,70,27.9,18314274114.0,FareeqJawharKalb@armyspy.com
290,female,Ursula,Freud,3538 Paul Wayne Haggerty Road,LA,70065,United States,04-08-1943,170.1,64,29.2,15044417744.0,UrsulaFreud@cuvox.de
291,female,Una,Traustadóttir,1027 Tenmile Road,MA,1730,United States,01-02-1930,152.3,59,30.8,17817390244.0,UnaTraustadottir@armyspy.com
292,male,Enco,Žibrik,4792 Maud Street,DE,19934,United States,25-01-1983,203.9,74,26.2,13026982057.0,EncoZibrik@superrito.com
293,male,Fraser,Hunter,3072 Braxton Street,IL,60924,United States,09-07-1929,143.0,64,24.5,18154575970.0,FraserHunter@teleworm.us
294,male,Jeramy,Hopkins,2651 Black Oak Hollow Road,CA,94597,United States,11-09-1995,179.1,71,25.0,14088344087.0,JeramyAHopkins@teleworm.us
295,female,Annie,Allen,3634 Lyon Avenue,MA,2142,United States,31-03-1926,159.7,60,31.2,15089216327.0,AnnieJAllen@superrito.com
296,male,Albino,Schiavone,3113 Timber Ridge Road,CA,95814,United States,30-06-1928,180.0,67,28.2,19168179960.0,AlbinoSchiavone@fleckens.hu
297,female,Chỉ,Lâm,,,0000n,,14-05-1990,181.1,63,32.1,,
298,male,Bodor,Csonka,323 Platinum Drive,PA,15205,United States,18-07-1993,157.3,67,24.6,17247590310.0,CsonkaBodor@jourrapide.com
299,male,Connor,Harold,3688 Glenview Drive,TX,78476,United States,12-09-1923,182.2,69,26.9,13615335161.0,ConnorHarold@fleckens.hu
300,female,Linda,Lundy,3964 Walnut Avenue,ID,83823,United States,29-01-1969,192.5,69,28.4,12088261678.0,LindaJLundy@gustr.com
301,female,Benigna,Ferrari,4912 Hart Country Lane,GA,31901,United States,06-01-1960,181.5,61,34.3,17066160152.0,BenignaFerrari@einrot.com
302,female,Onyekachukwu,Obinna,2970 Forest Avenue,NY,10004,United States,24-01-1997,154.7,65,25.7,16469826609.0,OnyekachukwuObinna@teleworm.us
303,male,Niels,Lange,3683 Gorby Lane,MS,39401,United States,01-06-1931,201.5,70,28.9,16012967799.0,NielsLange@cuvox.de
304,female,Joe,Edwards,1526 Tully Street,MI,48219,United States,08-04-1963,149.8,61,28.3,13135891746.0,JoeVEdwards@armyspy.com
305,female,Signý,Grímsdóttir,3268 Karen Lane,KY,40202,United States,26-01-1979,141.5,67,22.2,15029026188.0,SignyGrimsdottir@rhyta.com
306,female,Addolorata,Lombardi,550 Cliffside Drive,NY,13901,United States,19-10-1962,189.0,65,31.4,16073485625.0,AddolorataLombardi@jourrapide.com
307,male,Mijndert,Ouwendijk,4839 North Avenue,NE,68418,United States,05-07-1992,124.1,67,19.4,14027805724.0,MijndertOuwendijk@jourrapide.com
308,female,Mathea,Lillebø,4168 Coventry Court,MS,39501,United States,30-11-1928,112.4,65,18.7,12282372271.0,MatheaLilleb@fleckens.hu
309,male,Daud,Batukayev,153 Fieldcrest Road,NY,11743,United States,15-09-1983,178.9,73,23.6,16318753023.0,DaudBatukayev@teleworm.us
310,male,Valur,Bjarkason,1782 New Creek Road,AL,35203,United States,18-12-1933,130.7,68,19.9,12568729211.0,ValurBjarkason@cuvox.de
311,male,Hugo,Collins,3214 Better Street,KS,66219,United States,03-02-1932,193.6,69,28.6,19133229114.0,HugoCollins@cuvox.de
312,female,Erica,MacDonald,2011 Eastland Avenue,MS,39350,United States,04-05-1937,171.4,63,30.4,16013897682.0,EricaMacDonald@teleworm.us
313,female,Holly,Macleod,57 Norman Street,CA,90017,United States,16-11-1935,190.7,62,34.9,13232806511.0,HollyMacleod@jourrapide.com
314,female,Mgbankwo,Afamefuna,1774 George Avenue,AL,36502,United States,18-07-1984,188.5,67,29.5,12513592088.0,MgbankwoAfamefuna@einrot.com
315,male,Renzo,Lucchese,4145 Fairfax Drive,NJ,8876,United States,05-02-1970,212.1,69,31.3,19088844247.0,RenzoLucchese@dayrep.com
316,male,Brancaleone,Russo,2074 Parrish Avenue,TX,78217,United States,20-06-1997,211.9,74,27.2,18308514280.0,BrancaleoneRusso@jourrapide.com
317,female,Chân,Bùi,115 Frank Avenue,MA,1002,United States,11-10-1932,162.1,61,30.6,14132593637.0,BuiQuynhChan@fleckens.hu
318,female,Nancy,Parker,4605 Hall Street,NV,89110,United States,21-03-1945,106.0,63,18.8,17024385138.0,NancyJParker@gustr.com
319,male,Benoît,Bonami,230 Lady Bug Drive,NY,11530,United States,13-04-1975,162.8,70,23.4,17189548136.0,BenoitBonami@gustr.com
320,female,Wilma,Olofsson,2235 Catherine Drive,ND,58102,United States,17-11-1985,154.9,69,22.9,17012353404.0,WilmaOlofsson@teleworm.us
321,male,Noriyuki,Sakai,353 Whaley Lane,WI,53202,United States,29-04-1934,150.3,70,21.6,12625659052.0,NoriyukiSakai@gustr.com
322,female,Dalmacia,Madrid,4784 Paul Wayne Haggerty Road,LA,70112,United States,02-02-1960,118.4,68,18.0,15044034615.0,DalmaciaMadridValenzuela@einrot.com
323,male,Mười,Liễu,4346 Sussex Court,TX,76632,United States,27-07-1974,218.5,66,35.3,12545462728.0,LieuThanhMuoi@teleworm.us
324,female,Nancsi,Polak,2913 Rogers Street,OH,45236,United States,28-12-1978,143.9,61,27.2,15134786938.0,PolakNancsi@cuvox.de
325,male,Kong,Lei,4508 Goldcliff Circle,DC,20009,United States,10-08-1937,165.2,72,22.4,12022382247.0,KongLei@fleckens.hu
326,female,Sara,Karjalainen,720 Tator Patch Road,IL,60601,United States,20-08-1946,172.5,63,30.6,13128566826.0,SaraKarjalainen@armyspy.com
327,female,Suoma,Koivunen,2917 Golden Ridge Road,NY,12303,United States,27-12-1927,114.0,62,20.8,15183790603.0,SuomaKoivunen@gustr.com
328,male,Torfi,Írisarson,1463 Beechwood Avenue,NJ,7109,United States,03-10-1977,214.7,68,32.6,19088717009.0,TorfiIrisarson@jourrapide.com
329,female,Anja,Hueber,3216 Lodgeville Road,MN,55402,United States,16-04-1987,151.8,65,25.3,16123426065.0,AnjaHueber@teleworm.us
330,female,Csilla,Herczegh,149 Marion Drive,FL,33624,United States,14-06-1940,172.7,66,27.9,18134348122.0,HerczeghCsilla@jourrapide.com
331,male,Vasco,van de Wiel,2691 Kessla Way,SC,29902,United States,03-01-1981,153.8,72,20.9,18433685129.0,VascovandeWiel@rhyta.com
332,male,Leon,Scholz,3106 Evergreen Lane,CA,92618,United States,14-09-1989,150.9,70,21.6,13236359919.0,LeonScholz@fleckens.hu
333,male,Abel,Efrem,2333 Hidden Pond Road,TN,37138,United States,15-02-1971,224.0,67,35.1,16157558235.0,AbelEfrem@fleckens.hu
334,male,Jad Allah,Gaber,2704 Windy Ridge Road,IN,46773,United States,14-05-1926,174.2,69,25.7,12606231176.0,JadAllahSayyarGaber@rhyta.com
335,male,Eugene,Mironov,1840 Millbrook Road,IL,60103,United States,11-01-1963,195.8,65,32.6,16308379473.0,EugeneMironov@dayrep.com
336,female,Lixue,Hsueh,1540 Overlook Drive,IN,47933,United States,29-03-1925,102.7,59,20.7,17653590147.0,LixueHsueh@dayrep.com
337,female,Sharon,Collins,1240 Summit Park Avenue,MI,48342,United States,03-09-1932,164.8,67,25.8,12489781574.0,SharonLCollins@jourrapide.com
338,male,León,Reynoso,385 Walnut Avenue,ID,83642,United States,16-05-1931,209.4,65,34.8,12088302415.0,LeonReynosoRendon@einrot.com
339,female,Lóa,Hrafnsdóttir,3417 Bassel Street,LA,70001,United States,30-04-1925,114.1,67,17.9,19853358662.0,LoaHrafnsdottir@jourrapide.com
340,male,Pavel,Filípek,3094 Oral Lake Road,MN,55124,United States,18-08-1977,229.0,67,35.9,19524315166.0,PavelFilipek@rhyta.com
341,female,Minea,Lindgren,2272 Williams Avenue,CA,93550,United States,10-01-1940,176.9,64,30.4,16612658708.0,MineaLindgren@jourrapide.com
342,female,Fatimah,Khoury,883 Oakwood Circle,CA,93632,United States,23-01-1950,120.3,67,18.8,19492900728.0,FatimahAqilahKhoury@superrito.com
343,female,Mathilde,Nørgaard,846 Copperhead Road,CT,6182,United States,21-01-1985,127.2,61,24.0,18606184560.0,MathildeDNrgaard@superrito.com
344,female,Emy,Markus,288 Colony Street,CT,6901,United States,30-01-1999,140.6,65,23.4,12032513573.0,EmyMarkus@armyspy.com
345,female,Sophia,Haugen,4178 Despard Street,GA,30303,United States,04-06-1939,181.1,63,32.1,14047133641.0,SophiaHaugen@dayrep.com
346,female,Asuna,Morita,1324 Duffy Street,IN,47957,United States,30-12-1969,134.2,61,25.4,12198433924.0,AsunaMorita@superrito.com
347,female,Helen,Luwam,2687 Hinkle Deegan Lake Road,NY,13904,United States,06-07-1946,166.3,60,32.5,16072061483.0,HelenLuwam@dayrep.com
348,female,Urška,Aličajić,3781 Hamill Avenue,CA,92109,United States,27-06-1952,183.3,63,32.5,18582732043.0,UrskaAlicajic@rhyta.com
349,male,Saber,Ménard,1424 Primrose Lane,WI,53574,United States,02-10-1935,197.1,69,29.1,16085271021.0,SaberMenard@rhyta.com
350,male,Kristoffer,Martinsen,1865 Honeysuckle Lane,WA,98361,United States,06-12-1964,161.5,73,21.3,13604945489.0,KristofferMartinsen@dayrep.com
351,male,Diệt,Bùi,3788 Worthington Drive,TX,75235,United States,18-04-1936,119.0,65,19.8,19725570198.0,BuiKimDiet@rhyta.com
352,female,Nile,Mehari,2458 Broadway Avenue,TN,37403,United States,27-02-1956,197.6,65,32.9,14237991730.0,NileMehari@gustr.com
353,male,Marek,﻿Dvořák,633 Better Street,GA,31401,United States,19-12-1966,227.7,67,35.7,19129886655.0,MarekDvorak@gustr.com
354,male,Ole,Petersen,3650 Graystone Lakes,GA,31022,United States,14-07-1931,136.8,69,20.2,14786767058.0,OlePetersen@armyspy.com
355,female,Vivian,House,4932 Goldleaf Lane,NJ,7102,United States,13-08-1936,130.2,62,23.8,12015862848.0,VivianRHouse@dayrep.com
356,female,Chiho,Higa,4500 Myra Street,RI,2905,United States,25-05-1935,182.6,59,36.9,14014562797.0,ChihoHiga@teleworm.us
357,female,Sinead,Reilly,3893 Eva Pearl Street,LA,70449,United States,05-04-1923,148.3,64,25.5,12256955230.0,SineadReilly@cuvox.de
358,female,Chiemela,Tobeolisa,2881 Harter Street,OH,43311,United States,07-06-1965,187.9,69,27.7,19375929410.0,ChiemelaTobeolisa@rhyta.com
359,female,Amalie,Christensen,3077 Colony Street,CT,6450,United States,01-10-1941,160.8,63,28.5,12032351076.0,AmalieJChristensen@einrot.com
360,female,Merci,Leroux,4519 Sussex Court,TX,76552,United States,08-06-1955,132.2,65,22.0,12545186365.0,MerciLeroux@jourrapide.com
361,male,Kerman,Dandonneau,3688 Adonais Way,GA,30303,United States,09-04-1998,165.9,71,23.1,16784123728.0,KermanDandonneau@superrito.com
362,male,Hans Peter,Radislav,208 Birch  Street,TX,79905,United States,28-10-1973,169.0,70,24.2,19156121462.0,HansPeterRadislav@gustr.com
363,male,Luboš,Pecha,1510 Allison Avenue,VA,23510,United States,24-01-1936,132.2,69,19.5,17576241525.0,LubosPecha@rhyta.com
364,female,Elisabetta,Lorenzo,1014 Locust Court,CA,90017,United States,16-07-1927,124.7,61,23.6,15624525685.0,ElisabettaLorenzo@gustr.com
365,female,Chukwumoge,Ogochukwu,4704 Edsel Road,CA,91403,United States,16-09-1960,212.3,75,26.5,18183727106.0,ChukwumogeOgochukwu@teleworm.us
366,male,Robert,Wagner,162 Brooklyn Street,VA,24153,United States,20-06-1925,200.0,67,31.3,15409861369.0,RobertWagner@jourrapide.com
367,male,Erick,Pinto,2884 Elsie Drive,SD,57401,United States,24-09-1945,183.5,68,27.9,16052504942.0,ErickSouzaPinto@cuvox.de
368,female,Ava,Fisher,4386 Camden Street,NV,89431,United States,29-03-1928,191.0,60,37.3,17753589076.0,AvaFisher@rhyta.com
369,male,Corey,Nicholls,3427 Gerald L. Bates Drive,MA,2110,United States,25-04-1989,165.0,74,21.2,16178307216.0,CoreyNicholls@jourrapide.com
370,female,Farizah,Sleiman,2322 Grim Avenue,CA,92101,United States,19-08-1943,190.5,62,34.8,16196520285.0,FarizahAminehSleiman@teleworm.us
371,male,Olof,Holm,288 Smith Street,MA,2780,United States,07-04-1999,214.1,70,30.7,15088212421.0,OlofHolm@gustr.com
372,female,Asya,Musliyevich,1763 Williams Mine Road,NJ,7087,United States,15-07-1995,156.0,63,27.6,19082877099.0,AsyaMusliyevich@armyspy.com
373,male,Miłosław,Wiśniewski,796 Eagle Street,IL,62234,United States,13-11-1979,149.2,68,22.7,16183463914.0,MiloslawWisniewski@rhyta.com
374,female,Johana,Hrdá,541 Green Hill Road,AR,72762,United States,04-08-1952,216.9,66,35.0,14792485663.0,JohanaHrda@dayrep.com
375,male,Ingi,Þráinsson,707 Goodwin Avenue,WA,99111,United States,05-02-1986,210.8,69,31.1,15093978510.0,Ingirainsson@dayrep.com
376,female,Sofia,Hermansen,2272 Woodland Avenue,LA,70360,United States,27-02-1957,186.8,65,31.1,19855804827.0,SofiaBHermansen@rhyta.com
377,female,Ivona,Jakšić,1051 Bassell Avenue,AR,67202,United States,05-09-1935,200.8,62,36.7,15016364058.0,IvonaJaksic@einrot.com
378,female,Cumelén,Miramontes,4213 Isaacs Creek Road,IL,61880,United States,30-01-1936,130.0,66,21.0,12174855673.0,CumelenMiramontesAcosta@gustr.com
379,female,Furuta,Osman,3300 Woodridge Lane,TN,38115,United States,28-11-1933,138.8,63,24.6,19013163780.0,FurutaOsman@rhyta.com
380,female,Rovzan,Kishiev,4220 Simpson Square,OK,73086,United States,13-07-1982,136.0,63,24.1,15806225674.0,RovzanKishiev@armyspy.com
381,female,Silje,Kristiansen,4992 Moonlight Drive,NJ,8232,United States,07-02-1996,162.4,64,27.9,16096412070.0,SiljeAKristiansen@dayrep.com
382,male,Ronnie,Clapp,1624 Rosebud Avenue,AR,72392,United States,24-09-1924,138.4,67,21.7,18704575086.0,RonnieKClapp@gustr.com
383,male,Diðrik,Maríasson,4015 Juniper Drive,MI,48858,United States,25-03-1949,149.6,71,20.9,19898221351.0,DirikMariasson@jourrapide.com
384,male,Torben,Mortensen,4682 Science Center Drive,ID,83435,United States,24-07-1943,168.7,69,24.9,12086572473.0,TorbenMMortensen@einrot.com
385,male,Even,Knutsen,4851 Andy Street,SD,57730,United States,26-10-1972,180.2,74,23.1,16054405492.0,EvenKnutsen@rhyta.com
386,female,Rice,Yudina,4649 Worley Avenue,VA,22958,United States,14-02-1986,221.8,68,33.7,14343618479.0,RiceYudina@dayrep.com
387,male,Sargent,Flamand,163 Hide A Way Road,CA,95134,United States,10-05-1965,207.7,65,34.6,14082156012.0,SargentFlamand@dayrep.com
388,female,Vallie,Prince,550 Mulberry Lane,FL,33301,United States,16-01-1998,152.7,67,23.9,15618265683.0,VallieSPrince@cuvox.de
389,male,Szilveszter,Totth,2785 Norma Lane,LA,71109,United States,14-08-1990,145.2,71,20.2,13186217385.0,TotthSzilveszter@jourrapide.com
390,male,Yegor,Uspensky,4900 Philli Lane,OK,74133,United States,10-09-1956,136.8,65,22.8,19184599811.0,YegorUspensky@fleckens.hu
391,male,Hideki,Haraguchi,3995 Colonial Drive,TX,78945,United States,13-02-1997,181.3,67,28.4,19796397844.0,HidekiHaraguchi@einrot.com
392,male,Daimy,Tromp,522 Lamberts Branch Road,FL,33323,United States,23-05-1990,198.0,75,24.7,17869704206.0,DaimyTromp@superrito.com
393,female,Kristin,Borgen,3008 Walkers Ridge Way,IL,60439,United States,12-12-1971,206.1,67,32.3,16302525095.0,KristinBorgen@gustr.com
394,male,Steven,Roy,2816 Ashford Drive,VA,22070,United States,19-09-1975,162.4,72,22.0,17037168652.0,StevenBRoy@rhyta.com
395,female,Anja,Mueller,570 Alpha Avenue,TX,75757,United States,06-08-1942,182.2,61,34.4,19039391025.0,AnjaMueller@gustr.com
396,male,Krisztián,Bakos,2316 Ingram Road,NC,27055,United States,28-03-1975,231.9,74,29.8,13366778769.0,BakosKrisztian@teleworm.us
397,male,Tibor,Gyenes,3800 Tetrick Road,FL,33870,United States,22-07-1932,186.6,68,28.4,18633863795.0,GyenesTibor@jourrapide.com
398,female,Pipaluk,Petrussen,3543 Cherry Ridge Drive,NY,14546,United States,26-10-1976,123.4,69,18.2,15858895156.0,PipalukPetrussen@rhyta.com
399,male,Ilija,Horvat,4380 Riverside Drive,GA,30124,United States,21-01-1941,193.8,72,26.3,17067774981.0,IlijaHorvat@dayrep.com
400,male,Eric,Ek,4160 Pratt Avenue,WA,98109,United States,07-04-1943,212.1,71,29.6,13609651558.0,EricEk@jourrapide.com
401,female,Sonya,Woldendorp,4438 Reeves Street,WI,53073,United States,25-06-1926,158.2,59,31.9,19208922965.0,SonyaWoldendorp@cuvox.de
402,female,Kasumi,Hori,1116 Dog Hill Lane,KS,66044,United States,30-03-1959,180.6,62,33.0,17857488181.0,KasumiHori@gustr.com
403,female,Manouck,Wubbels,4789 Devils Hill Road,MS,39175,United States,03-11-1964,201.5,65,33.5,16018856550.0,ManouckWubbels@armyspy.com
404,male,Robert,Maslov,2356 Myra Street,RI,2908,United States,02-07-1932,219.1,65,36.5,14015352675.0,RobertMaslov@fleckens.hu
405,female,Aaliyah,Rice,4237 Hamilton Drive,TX,77591,United States,14-07-1936,123.0,65,20.5,14099446516.0,AaliyahRice@dayrep.com
406,male,Marcel,Peters,4476 Center Street,OR,97321,United States,10-02-1926,183.5,69,27.1,15419679779.0,MarcelPeters@rhyta.com
407,male,Dániel,Német,4278 Hart Country Lane,GA,30720,United States,21-11-1994,175.6,73,23.2,17065815226.0,NemetDaniel@cuvox.de
408,female,Tegan,Johnson,2636 Benson Park Drive,OK,73107,United States,19-01-1928,156.6,65,26.1,14054705088.0,TeganJohnson@gustr.com
409,female,Giovana,Rocha,3542 Robinson Court,MI,49738,United States,02-05-1938,113.1,67,17.7,19893900285.0,GiovanaAzevedoRocha@superrito.com
410,female,Albika,Ibragimov,4945 Jarvis Street,NY,14211,United States,29-02-1948,161.7,63,28.6,17168975050.0,AlbikaIbragimov@superrito.com
411,male,Nathan,Cumpston,1203 Benson Park Drive,OK,73095,United States,06-10-1965,178.0,67,27.9,14054497960.0,NathanCumpston@rhyta.com
412,female,Štefanija,Novosel,1810 Hardesty Street,NY,12207,United States,29-11-1945,154.9,61,29.3,15184874865.0,StefanijaNovosel@teleworm.us
413,male,Finlay,Sheppard,4571 Walnut Hill Drive,OH,45204,United States,16-06-1948,161.3,70,23.1,15132976359.0,FinlaySheppard@fleckens.hu
414,male,Kai,Cunha,2967 Prudence Street,MI,48221,United States,01-02-1990,163.5,74,21.0,13133417799.0,KaiOliveiraCunha@cuvox.de
415,male,Bartosz,Wysocki,1079 Ingram Street,OH,45380,United States,02-04-1951,148.7,66,24.0,19375261152.0,BartoszWysocki@cuvox.de
416,female,Mgbeke,Ekwueme,1589 Roosevelt Wilson Lane,CA,91765,United States,14-03-1954,206.8,65,34.4,19098614356.0,MgbekeEkwueme@cuvox.de
417,male,Dani,Antoun,2595 Feathers Hooves Drive,NY,11590,United States,07-05-1928,138.6,70,19.9,16316644813.0,DaniMuhsinAntoun@armyspy.com
418,female,Xiuxiu,Yuan,4277 Mutton Town Road,WA,98052,United States,08-03-1943,150.0,66,24.2,13606894989.0,XiuxiuYuan@superrito.com
419,male,Mahmud,Kadyrov,3390 Hidden Meadow Drive,ND,58571,United States,18-06-1980,215.2,79,24.2,17017452700.0,MahmudKadyrov@gustr.com
420,female,Maret,Sultygov,2127 Elk City Road,IN,46268,United States,20-10-1969,126.1,63,22.3,13179566166.0,MaretSultygov@teleworm.us
421,male,Adlan,Shishani,4890 Abia Martin Drive,NY,10018,United States,23-05-1940,200.9,69,29.7,16314798171.0,AdlanShishani@gustr.com
422,female,Armina,Sauvé,4977 Arlington Avenue,AR,72210,United States,08-10-1928,165.0,61,31.2,18702705502.0,ArminaSauve@dayrep.com
423,female,Jázmin,Györfy,1049 Park Boulevard,IA,50120,United States,21-09-1958,129.4,64,22.2,16414759654.0,GyorfyJazmin@jourrapide.com
424,female,Simone,Baumgaertner,510 Berry Street,CO,80904,United States,14-05-1931,125.2,59,25.3,17196616624.0,SimoneBaumgaertner@teleworm.us
425,female,Krystiana,Kozłowska,2935 Diamond Cove,RI,2906,United States,08-11-1921,123.6,63,21.9,14014192975.0,KrystianaKozlowska@cuvox.de
426,female,Taylah,Mobourne,995 Beechwood Avenue,NJ,7087,United States,04-07-1961,188.5,67,29.5,19087514255.0,TaylahMobourne@rhyta.com
427,male,Rogelio,Taylor,4064 Marigold Lane,FL,33179,United States,02-09-1992,186.6,69,27.6,13054346299.0,RogelioJTaylor@teleworm.us
428,female,Tecla,Onio,3730 Seth Street,TX,79601,United States,16-12-1990,174.7,61,33.0,13255138964.0,TeclaOnio@jourrapide.com
429,male,Marko,Kos,1128 Jacobs Street,PA,15212,United States,21-10-1982,227.7,69,33.6,14123190903.0,MarkoKos@einrot.com
430,female,Kristiina,Hyypiä,206 Eagle Lane,MN,58203,United States,02-05-1922,152.1,65,25.3,12187739682.0,KristiinaHyypia@cuvox.de
431,male,Timothy,Cotton,4243 Hidden Meadow Drive,ND,58301,United States,12-12-1995,135.7,68,20.6,17016621983.0,TimothyJCotton@dayrep.com
432,female,Manuela,Cindrić,4120 Thompson Drive,CA,94568,United States,01-12-1942,219.9,64,37.7,15103763772.0,ManuelaCindric@gustr.com
433,female,Karen,Jakobsen,1690 Fannie Street,TX,77020,United States,25-11-1962,185.2,67,29.0,19792030438.0,KarenJakobsen@jourrapide.com
434,male,Leo,Vieira,4894 Chandler Hollow Road,PA,15215,United States,09-03-1975,154.4,71,21.5,14124490733.0,LeoDVieira@cuvox.de
435,female,Bao,She,1956 Rosemont Avenue,CA,92801,United States,29-01-1931,193.8,63,34.3,13232090527.0,BaoShe@rhyta.com
436,female,Ivana,Kašná,3343 Jefferson Street,VA,23601,United States,15-08-1995,173.8,67,27.2,17577367026.0,IvanaKasna@teleworm.us
437,male,Sun,Ko,1962 Cabell Avenue,VA,20008,United States,08-07-1969,154.4,72,20.9,17035470551.0,SunKo@einrot.com
438,male,Alwin,Svensson,1846 Joseph Street,WI,53182,United States,02-11-1924,137.7,63,24.4,12628789576.0,AlwinSvensson@armyspy.com
439,female,Hannah,McIntosh,260 Derek Drive,OH,44663,United States,13-09-1946,112.0,67,17.5,13303654059.0,HannahMcIntosh@superrito.com
440,male,Hiromu,Horikawa,4567 Hazelwood Avenue,IA,50309,United States,07-07-1981,242.0,70,34.7,15153626574.0,HiromuHorikawa@superrito.com
441,male,David,Villadsen,1434 Oak Ridge Drive,MO,65559,United States,30-11-1924,137.3,68,20.9,15734934748.0,DavidMVilladsen@armyspy.com
442,male,Luis,Silva,959 Heritage Road,CA,93660,United States,02-11-1946,239.1,71,33.3,15596936779.0,LuisRibeiroSilva@jourrapide.com
443,male,Ananías,Enríquez,2924 Stanley Avenue,NY,11530,United States,23-07-1959,169.0,72,22.9,15165124875.0,AnaniasEnriquezMontoya@armyspy.com
444,female,Kajsa,Eidem,1953 Rhapsody Street,FL,34471,United States,26-04-1964,191.0,60,37.3,13523625392.0,KajsaEidem@superrito.com
445,male,Angelico,Marchesi,456 Delaware Avenue,CA,94108,United States,28-10-1945,211.6,69,31.2,14152772563.0,AngelicoMarchesi@fleckens.hu
446,male,Maximus,Henzen,4334 Black Oak Hollow Road,CA,95113,United States,14-11-1924,180.8,72,24.5,14087929489.0,MaximusHenzen@einrot.com
447,male,Eemil,Laine,2531 Eastland Avenue,MS,39456,United States,22-03-1929,167.2,72,22.7,16014180102.0,EemilLaine@einrot.com
448,male,Luiz,Gomes,1812 Poplar Street,IL,60631,United States,23-04-1978,160.4,70,23.0,17086912195.0,LuizCavalcantiGomes@rhyta.com
449,male,Ivan,Fomin,632 Peaceful Lane,OH,44128,United States,10-06-1930,139.9,65,23.3,12165023773.0,IvanFomin@dayrep.com
450,male,Bjørnar,Nilsen,2166 Tipple Road,PA,19121,United States,26-04-1960,152.5,68,23.2,12157697116.0,BjrnarNilsen@einrot.com
451,male,Clinton,Miller,901 Southern Street,NY,11576,United States,16-08-1985,195.4,74,25.1,15166268021.0,ClintonKMiller@rhyta.com
452,female,Jia Li,Teng,1251 Clarence Court,CA,91786,United States,07-12-1928,202.2,66,32.6,19099824264.0,JiaLiTeng@fleckens.hu
453,female,Fearne,McGregor,1168 Stout Street,PA,17111,United States,30-06-1936,142.1,65,23.6,17173688321.0,FearneMcGregor@superrito.com
454,male,Wu,Sung,1072 Bird Spring Lane,TX,77077,United States,31-10-1993,181.3,74,23.3,12815564376.0,WuSung@gustr.com
455,female,Bianca,Azevedo,2886 Straford Park,KY,40823,United States,03-12-1950,132.7,59,26.8,16065892819.0,BiancaCarvalhoAzevedo@einrot.com
456,female,Hui,Ch'eng,3423 Burning Memory Lane,PA,19067,United States,03-05-1982,203.1,69,30.0,12153219611.0,HuiCheng@rhyta.com
457,male,Zikoranaudodimma,Chinedum,3402 Kildeer Drive,VA,23602,United States,25-12-1935,150.5,67,23.6,17572696500.0,ZikoranaudodimmaChinedum@cuvox.de
458,female,Mevla,Grabljevec,2645 Moore Avenue,TX,76102,United States,02-12-1984,215.8,66,34.8,18177775289.0,MevlaGrabljevec@teleworm.us
459,male,Sousuke,Nakahara,3743 Wescam Court,NV,89501,United States,25-04-1929,134.2,70,19.3,17758486970.0,SousukeNakahara@jourrapide.com
460,female,Idalia,Moore,4380 Grim Avenue,CA,92073,United States,26-10-1993,102.1,61,19.3,16197106286.0,IdaliaEMoore@cuvox.de
461,male,Arne,Jørgensen,1033 Wayside Lane,CA,94612,United States,14-03-1998,163.5,65,27.2,15102381151.0,ArneJrgensen@fleckens.hu
462,male,Cannan,Cabrera,2102 Geraldine Lane,NY,10014,United States,12-10-1980,209.7,71,29.2,16462894177.0,CannanCabreraOrdonez@superrito.com
463,male,Guðni,Heimisson,430 Canis Heights Drive,CA,90007,United States,28-11-1983,154.9,71,21.6,12137496958.0,GuniHeimisson@superrito.com
464,female,Bouke,Glaser,3006 Maple Court,MO,65066,United States,21-10-1996,142.1,66,22.9,15734377334.0,BoukeGlaser@einrot.com
465,female,Meaza,Brhane,142 Broad Street,AL,35146,United States,22-06-1991,161.3,69,23.8,12054679279.0,MeazaBrhane@superrito.com
466,male,Gabryŝ,Tomaszewski,1343 Clair Street,TX,76645,United States,16-09-1998,160.8,67,25.2,12545821795.0,GabrysTomaszewski@armyspy.com
467,female,Andrea,Brodahl,3234 Sardis Station,MN,55422,United States,07-09-1994,166.1,62,30.4,16125891495.0,AndreaBrodahl@armyspy.com
468,female,Jožka,Resanovič,1557 Byers Lane,CA,96001,United States,05-10-1959,122.1,63,21.6,15307739263.0,JozkaResanovic@superrito.com
469,male,Tosh,Jensen,1536 John Daniel Drive,MO,65001,United States,19-12-1969,194.7,68,29.6,15737283861.0,ToshCJensen@superrito.com
470,male,Harley,Tucker,1067 Ray Court,NC,28412,United States,21-09-1965,220.4,66,35.6,19102646229.0,HarleyTucker@fleckens.hu
471,male,Muhammad,Holden,3414 Franklin Avenue,FL,32064,United States,08-09-1969,159.5,66,25.7,13862345932.0,MuhammadHolden@fleckens.hu
472,female,Nadwah,Naifeh,69 Mattson Street,OR,97205,United States,12-03-1957,192.7,66,31.1,15034171995.0,NadwahHawadahNaifeh@einrot.com
473,female,Julia,Werner,325 Eastland Avenue,MS,39120,United States,14-09-1938,155.3,61,29.3,16014466829.0,JuliaWerner@teleworm.us
474,female,Kate,Wilkinson,664 Lyon Avenue,MA,2127,United States,18-07-1998,175.3,65,29.2,15089052371.0,KateWilkinson@armyspy.com
475,female,Esperanza,Labrosse,1370 Flint Street,GA,30303,United States,07-10-1961,181.5,63,32.1,16782633564.0,EsperanzaLabrosse@armyspy.com
476,male,Malik,Vaneker,1270 Haul Road,CA,94041,United States,25-09-1953,214.4,67,33.6,16509627179.0,MalikVaneker@superrito.com
477,female,Berta,Napolitani,1815 Garrett Street,PA,19108,United States,02-12-1958,153.3,63,27.2,12679723749.0,BertaNapolitani@rhyta.com
478,male,Juliusz,Majewski,4435 Poe Road,SC,29501,United States,29-09-1966,212.1,69,31.3,18432126421.0,JuliuszMajewski@superrito.com
479,female,Edelma,Villalpando,312 Jim Rosa Lane,CA,95134,United States,24-06-1977,109.6,63,19.4,14157556435.0,EdelmaVillalpandoSantillan@teleworm.us
480,male,Tapa,Arsanukayev,4720 Gordon Street,CA,91762,United States,15-09-1955,220.0,65,36.6,19094582515.0,TapaArsanukayev@dayrep.com
481,male,Nasser,Mansour,547 Weekley Street,TX,78212,United States,25-03-1938,183.5,66,29.6,12103265509.0,NasserMazinMansour@fleckens.hu
482,male,Michael,Kristensen,1614 Heather Sees Way,OK,74116,United States,10-08-1930,154.7,65,25.7,19187062776.0,MichaelKristensen@gustr.com
483,male,Diogo,Souza,4033 White Avenue,TX,78401,United States,03-03-1945,220.0,65,36.6,13616934960.0,DiogoBarrosSouza@jourrapide.com
484,female,Angel,Grant,990 Melville Street,TN,38118,United States,14-08-1987,123.9,61,23.4,17315770292.0,AngelGrant@fleckens.hu
485,male,Placido,Udinesi,1094 Jones Avenue,NC,28716,United States,31-05-1934,175.8,65,29.3,13366972005.0,PlacidoUdinesi@dayrep.com
486,male,Trifon,Izmailov,3697 Drainer Avenue,FL,32548,United States,15-02-1973,255.9,74,32.9,18506590417.0,TrifonIzmailov@fleckens.hu
487,male,Samuel,Blix,3488 Clair Street,TX,76706,United States,06-07-1983,211.4,74,27.1,12546814504.0,SamuelBlix@dayrep.com
488,male,Ivar,Löfgren,1346 Nicholas Street,KS,66067,United States,07-11-1962,242.4,77,28.7,17852291188.0,IvarLofgren@armyspy.com
489,male,Mika,Martinsson,962 George Street,FL,34471,United States,27-01-1970,165.0,67,25.8,13524534601.0,MikaMartinsson@armyspy.com
490,female,Jasmine,Sykes,2607 Water Street,CA,94549,United States,01-12-1988,187.2,63,33.2,19252835425.0,JasmineSykes@jourrapide.com
491,male,Jackson,Addison,1160 Taylor Street,NY,10801,United States,29-05-1953,192.7,69,28.5,19146369304.0,JacksonAddison@armyspy.com
492,female,Vanessa,Ferguson,241 Freshour Circle,TX,78205,United States,21-09-1950,149.8,67,23.5,12102228684.0,VanessaFerguson@jourrapide.com
493,male,Poldi,Tar,3958 Liberty Avenue,CA,91505,United States,23-05-1970,184.6,70,26.5,17144962264.0,TarPoldi@superrito.com
494,female,Fen,Chin,1826 Poplar Chase Lane,ID,83702,United States,18-03-1997,195.1,68,29.7,12083881065.0,FenChin@gustr.com
495,female,Sirkka,Piirainen,4102 Ritter Avenue,MI,48066,United States,16-01-1942,126.3,67,19.8,15867900975.0,SirkkaPiirainen@teleworm.us
496,male,Hajime,Tsukada,4111 Thunder Road,CA,94403,United States,05-09-1972,168.1,66,27.1,16505704896.0,HajimeTsukada@dayrep.com
497,male,Alexander,Hueber,3868 Freed Drive,CA,95204,United States,12-09-1942,194.0,72,26.3,12097622320.0,AlexanderHueber@jourrapide.com
498,male,Masataka,Murakami,1179 Patton Lane,OK,74116,United States,19-08-1937,155.1,72,21.0,19189849171.0,MasatakaMurakami@einrot.com
499,male,Mustafa,Lindström,2530 Victoria Court,ME,3852,United States,10-04-1959,181.1,72,24.6,12074770579.0,MustafaLindstrom@jourrapide.com
500,male,Ruman,Bisliev,494 Clarksburg Park Road,AZ,86341,United States,26-03-1948,239.6,70,34.4,19282844492.0,RumanBisliev@gustr.com
501,female,Jinke,de Keizer,649 Nutter Street,MO,64110,United States,13-01-1971,171.2,67,26.8,18162236007.0,JinkedeKeizer@teleworm.us
502,female,Chidalu,Onyekaozulu,3652 Boone Crockett Lane,WA,98109,United States,13-02-1952,176.9,67,27.7,13604432060.0,ChidaluOnyekaozulu@jourrapide.com
